{
  "fileContact": [
    {
      "FileId": 1,
      "FileName": "Screenshot (34).png",
      "FileUrl": "/Files/ProjectFiles//Screenshot (34).png",
      "FileSize": 244484,
      "Extension": "image/png",
      "OutInBoxId": 2,
      "Notes": "",
      "IsCertified": true,
      "UserId": 10,
      "UploadDate": "/Date(1663707600000)/",
      "DeleteUrl": "/FileUpload/DeleteFile/?file=Screenshot (34).png",
      "ThumbnailUrl": "/Files/ProjectFiles/thumbs/Screenshot (34)80x80.jpg",
      "DeleteType": "GET",
      "BranchId": 1,
      "OutInBoxNumber": "525555",
      "OutInBoxDate": "2023-06-30",
      "ContacFiles": null,
      "UserName": "A"
    },
    {
      "FileId": 2,
      "FileName": "2.png",
      "FileUrl": "/Files/ProjectFiles//2.png",
      "FileSize": 6969,
      "Extension": "image/png",
      "OutInBoxId": 5,
      "Notes": "",
      "IsCertified": true,
      "UserId": 3,
      "UploadDate": "/Date(1667682000000)/",
      "DeleteUrl": "/FileUpload/DeleteFile/?file=2.png",
      "ThumbnailUrl": "/Files/ProjectFiles/thumbs/280x80.jpg",
      "DeleteType": "GET",
      "BranchId": 1,
      "OutInBoxNumber": "1",
      "OutInBoxDate": "2022-11-06",
      "ContacFiles": null,
      "UserName": "محمد هلهل"
    },
    {
      "FileId": 3,
      "FileName": "2.png",
      "FileUrl": "/Files/ProjectFiles//2.png",
      "FileSize": 6969,
      "Extension": "image/png",
      "OutInBoxId": 5,
      "Notes": "",
      "IsCertified": true,
      "UserId": 3,
      "UploadDate": "/Date(1667682000000)/",
      "DeleteUrl": "/FileUpload/DeleteFile/?file=2.png",
      "ThumbnailUrl": "/Files/ProjectFiles/thumbs/280x80.jpg",
      "DeleteType": "GET",
      "BranchId": 1,
      "OutInBoxNumber": "1",
      "OutInBoxDate": "2022-11-06",
      "ContacFiles": null,
      "UserName": "محمد هلهل"
    },
    {
      "FileId": 4,
      "FileName": "2.png",
      "FileUrl": "/Files/ProjectFiles//2.png",
      "FileSize": 6969,
      "Extension": "image/png",
      "OutInBoxId": 6,
      "Notes": "",
      "IsCertified": true,
      "UserId": 3,
      "UploadDate": "/Date(1667941200000)/",
      "DeleteUrl": "/FileUpload/DeleteFile/?file=2.png",
      "ThumbnailUrl": "/Files/ProjectFiles/thumbs/280x80.jpg",
      "DeleteType": "GET",
      "BranchId": 1,
      "OutInBoxNumber": "333",
      "OutInBoxDate": "2022-11-09",
      "ContacFiles": null,
      "UserName": "محمد هلهل"
    },
    {
      "FileId": 5,
      "FileName": "2.png",
      "FileUrl": "/Files/ProjectFiles//2.png",
      "FileSize": 6969,
      "Extension": "image/png",
      "OutInBoxId": 1,
      "Notes": "",
      "IsCertified": true,
      "UserId": 3,
      "UploadDate": "/Date(1668027600000)/",
      "DeleteUrl": "/FileUpload/DeleteFile/?file=2.png",
      "ThumbnailUrl": "/Files/ProjectFiles/thumbs/280x80.jpg",
      "DeleteType": "GET",
      "BranchId": 1,
      "OutInBoxNumber": "2",
      "OutInBoxDate": "2022-09-21",
      "ContacFiles": null,
      "UserName": "محمد هلهل"
    }
  ],
  "outinboxfile": [
    {
      "OutInBoxId": 1,
      "Number": "2",
      "Date": "2022-09-21",
      "HijriDate": "1444-02-25",
      "TypeId": 1,
      "SideFromId": 1,
      "SideToId": 4,
      "InnerId": null,
      "Topic": " رخص بلديه ",
      "ArchiveFileId": 1,
      "RelatedToId": null,
      "Type": 1,
      "OutInType": 0,
      "FileCount": 1,
      "AttachmentUrl": "/Files/ProjectFiles//2.png",
      "ProjectId": null,
      "BranchId": 1,
      "Priority": 1,
      "CustomerName": null,
      "CustomerName_W": null,
      "OutInTypeName": "صادر خارجي",
      "OutInBoxTypeName": "خطاب ",
      "OutInBoxSerialCode": null,
      "SideFromName": "قسم  المتابعة ",
      "SideToName": "جوازات المدينة",
      "ArchiveFilesName": "الارشيف ",
      "PriorityName": null,
      "InnerOutInDate": null,
      "RelatedToSideTo": null,
      "RelatedToTopic": null,
      "RelatedToDate": null,
      "NumberType": null,
      "RelatedToName": null,
      "ProjectNumber": ""
    },
    {
      "OutInBoxId": 2,
      "Number": "525555",
      "Date": "2023-06-30",
      "HijriDate": "1444-12-12",
      "TypeId": 1,
      "SideFromId": 6,
      "SideToId": 1,
      "InnerId": null,
      "Topic": " fse",
      "ArchiveFileId": 1,
      "RelatedToId": null,
      "Type": 2,
      "OutInType": null,
      "FileCount": 1,
      "AttachmentUrl": "/Files/ProjectFiles//Screenshot (34).png",
      "ProjectId": null,
      "BranchId": 1,
      "Priority": 2,
      "CustomerName": null,
      "CustomerName_W": null,
      "OutInTypeName": "",
      "OutInBoxTypeName": "خطاب ",
      "OutInBoxSerialCode": null,
      "SideFromName": "قسم الكهربائي",
      "SideToName": "قسم  المتابعة ",
      "ArchiveFilesName": "الارشيف ",
      "PriorityName": null,
      "InnerOutInDate": null,
      "RelatedToSideTo": null,
      "RelatedToTopic": null,
      "RelatedToDate": null,
      "NumberType": null,
      "RelatedToName": null,
      "ProjectNumber": ""
    },
    {
      "OutInBoxId": 3,
      "Number": "1",
      "Date": "2022-11-06",
      "HijriDate": "1444-04-12",
      "TypeId": 1,
      "SideFromId": 1,
      "SideToId": 1,
      "InnerId": null,
      "Topic": "123",
      "ArchiveFileId": 1,
      "RelatedToId": null,
      "Type": 1,
      "OutInType": 1,
      "FileCount": 0,
      "AttachmentUrl": null,
      "ProjectId": null,
      "BranchId": 1,
      "Priority": 1,
      "CustomerName": null,
      "CustomerName_W": null,
      "OutInTypeName": "صادر داخلي",
      "OutInBoxTypeName": "خطاب ",
      "OutInBoxSerialCode": null,
      "SideFromName": "قسم  المتابعة ",
      "SideToName": "قسم  المتابعة ",
      "ArchiveFilesName": "الارشيف ",
      "PriorityName": null,
      "InnerOutInDate": null,
      "RelatedToSideTo": null,
      "RelatedToTopic": null,
      "RelatedToDate": null,
      "NumberType": null,
      "RelatedToName": null,
      "ProjectNumber": ""
    },
    {
      "OutInBoxId": 4,
      "Number": "2323",
      "Date": "2022-11-06",
      "HijriDate": "1444-04-12",
      "TypeId": 1,
      "SideFromId": 2,
      "SideToId": 4,
      "InnerId": 3,
      "Topic": " 363636",
      "ArchiveFileId": 1,
      "RelatedToId": null,
      "Type": 1,
      "OutInType": 0,
      "FileCount": 0,
      "AttachmentUrl": null,
      "ProjectId": 28,
      "BranchId": 1,
      "Priority": 1,
      "CustomerName": "محمود نافع(VIP)",
      "CustomerName_W": "محمود نافع",
      "OutInTypeName": "صادر خارجي",
      "OutInBoxTypeName": "خطاب ",
      "OutInBoxSerialCode": null,
      "SideFromName": "قسم الحسابات ",
      "SideToName": "جوازات المدينة",
      "ArchiveFilesName": "الارشيف ",
      "PriorityName": null,
      "InnerOutInDate": null,
      "RelatedToSideTo": null,
      "RelatedToTopic": null,
      "RelatedToDate": null,
      "NumberType": null,
      "RelatedToName": null,
      "ProjectNumber": "2022-24"
    },
    {
      "OutInBoxId": 5,
      "Number": "1",
      "Date": "2022-11-06",
      "HijriDate": "1444-04-12",
      "TypeId": 1,
      "SideFromId": 2,
      "SideToId": 4,
      "InnerId": null,
      "Topic": "  012301",
      "ArchiveFileId": 1,
      "RelatedToId": null,
      "Type": 1,
      "OutInType": 0,
      "FileCount": 2,
      "AttachmentUrl": "/Files/ProjectFiles//2.png",
      "ProjectId": null,
      "BranchId": 1,
      "Priority": 1,
      "CustomerName": null,
      "CustomerName_W": null,
      "OutInTypeName": "صادر خارجي",
      "OutInBoxTypeName": "خطاب ",
      "OutInBoxSerialCode": null,
      "SideFromName": "قسم الحسابات ",
      "SideToName": "جوازات المدينة",
      "ArchiveFilesName": "الارشيف ",
      "PriorityName": null,
      "InnerOutInDate": null,
      "RelatedToSideTo": null,
      "RelatedToTopic": null,
      "RelatedToDate": null,
      "NumberType": null,
      "RelatedToName": null,
      "ProjectNumber": ""
    },
    {
      "OutInBoxId": 6,
      "Number": "333",
      "Date": "2022-11-09",
      "HijriDate": "1444-04-15",
      "TypeId": 1,
      "SideFromId": 1,
      "SideToId": 11,
      "InnerId": null,
      "Topic": "الابللبلبلب",
      "ArchiveFileId": 1,
      "RelatedToId": null,
      "Type": 1,
      "OutInType": 0,
      "FileCount": 1,
      "AttachmentUrl": "/Files/ProjectFiles//2.png",
      "ProjectId": null,
      "BranchId": 1,
      "Priority": 1,
      "CustomerName": null,
      "CustomerName_W": null,
      "OutInTypeName": "صادر خارجي",
      "OutInBoxTypeName": "خطاب ",
      "OutInBoxSerialCode": null,
      "SideFromName": "قسم  المتابعة ",
      "SideToName": "الدريس",
      "ArchiveFilesName": "الارشيف ",
      "PriorityName": null,
      "InnerOutInDate": null,
      "RelatedToSideTo": null,
      "RelatedToTopic": null,
      "RelatedToDate": null,
      "NumberType": null,
      "RelatedToName": null,
      "ProjectNumber": ""
    },
    {
      "OutInBoxId": 7,
      "Number": "2",
      "Date": "2022-12-07",
      "HijriDate": "1444-05-13",
      "TypeId": 1,
      "SideFromId": 1,
      "SideToId": 10,
      "InnerId": null,
      "Topic": "123456",
      "ArchiveFileId": 1,
      "RelatedToId": null,
      "Type": 1,
      "OutInType": 0,
      "FileCount": 0,
      "AttachmentUrl": null,
      "ProjectId": 66,
      "BranchId": 1,
      "Priority": 1,
      "CustomerName": "ww(*)",
      "CustomerName_W": "ww",
      "OutInTypeName": "صادر خارجي",
      "OutInBoxTypeName": "خطاب ",
      "OutInBoxSerialCode": null,
      "SideFromName": "قسم  المتابعة ",
      "SideToName": "البلديه ",
      "ArchiveFilesName": "الارشيف ",
      "PriorityName": null,
      "InnerOutInDate": null,
      "RelatedToSideTo": null,
      "RelatedToTopic": null,
      "RelatedToDate": null,
      "NumberType": null,
      "RelatedToName": null,
      "ProjectNumber": "131_124"
    }
  ],
  "alloutbox": [
    {
      "OutInBoxId": 1,
      "Number": "2",
      "Date": "2022-09-21",
      "HijriDate": "1444-02-25",
      "TypeId": 1,
      "SideFromId": 1,
      "SideToId": 4,
      "InnerId": null,
      "Topic": " رخص بلديه ",
      "ArchiveFileId": 1,
      "RelatedToId": null,
      "Type": 1,
      "OutInType": 0,
      "FileCount": 1,
      "AttachmentUrl": "/Files/ProjectFiles//2.png",
      "ProjectId": null,
      "BranchId": 1,
      "Priority": 1,
      "CustomerName": null,
      "CustomerName_W": null,
      "OutInTypeName": "خارجي",
      "OutInBoxTypeName": "خطاب ",
      "OutInBoxSerialCode": null,
      "SideFromName": "قسم  المتابعة ",
      "SideToName": "جوازات المدينة",
      "ArchiveFilesName": "الارشيف ",
      "PriorityName": null,
      "InnerOutInDate": null,
      "RelatedToSideTo": null,
      "RelatedToTopic": null,
      "RelatedToDate": null,
      "NumberType": null,
      "RelatedToName": null,
      "ProjectNumber": ""
    },
    {
      "OutInBoxId": 3,
      "Number": "1",
      "Date": "2022-11-06",
      "HijriDate": "1444-04-12",
      "TypeId": 1,
      "SideFromId": 1,
      "SideToId": 1,
      "InnerId": null,
      "Topic": "123",
      "ArchiveFileId": 1,
      "RelatedToId": null,
      "Type": 1,
      "OutInType": 1,
      "FileCount": 0,
      "AttachmentUrl": null,
      "ProjectId": null,
      "BranchId": 1,
      "Priority": 1,
      "CustomerName": null,
      "CustomerName_W": null,
      "OutInTypeName": "داخلي",
      "OutInBoxTypeName": "خطاب ",
      "OutInBoxSerialCode": null,
      "SideFromName": "قسم  المتابعة ",
      "SideToName": "قسم  المتابعة ",
      "ArchiveFilesName": "الارشيف ",
      "PriorityName": null,
      "InnerOutInDate": null,
      "RelatedToSideTo": null,
      "RelatedToTopic": null,
      "RelatedToDate": null,
      "NumberType": null,
      "RelatedToName": null,
      "ProjectNumber": ""
    },
    {
      "OutInBoxId": 4,
      "Number": "2323",
      "Date": "2022-11-06",
      "HijriDate": "1444-04-12",
      "TypeId": 1,
      "SideFromId": 2,
      "SideToId": 4,
      "InnerId": 3,
      "Topic": " 363636",
      "ArchiveFileId": 1,
      "RelatedToId": null,
      "Type": 1,
      "OutInType": 0,
      "FileCount": 0,
      "AttachmentUrl": null,
      "ProjectId": 28,
      "BranchId": 1,
      "Priority": 1,
      "CustomerName": "محمود نافع(VIP)",
      "CustomerName_W": "محمود نافع",
      "OutInTypeName": "خارجي",
      "OutInBoxTypeName": "خطاب ",
      "OutInBoxSerialCode": null,
      "SideFromName": "قسم الحسابات ",
      "SideToName": "جوازات المدينة",
      "ArchiveFilesName": "الارشيف ",
      "PriorityName": null,
      "InnerOutInDate": null,
      "RelatedToSideTo": null,
      "RelatedToTopic": null,
      "RelatedToDate": null,
      "NumberType": null,
      "RelatedToName": null,
      "ProjectNumber": "2022-24"
    },
    {
      "OutInBoxId": 5,
      "Number": "1",
      "Date": "2022-11-06",
      "HijriDate": "1444-04-12",
      "TypeId": 1,
      "SideFromId": 2,
      "SideToId": 4,
      "InnerId": null,
      "Topic": "  012301",
      "ArchiveFileId": 1,
      "RelatedToId": null,
      "Type": 1,
      "OutInType": 0,
      "FileCount": 2,
      "AttachmentUrl": "/Files/ProjectFiles//2.png",
      "ProjectId": null,
      "BranchId": 1,
      "Priority": 1,
      "CustomerName": null,
      "CustomerName_W": null,
      "OutInTypeName": "خارجي",
      "OutInBoxTypeName": "خطاب ",
      "OutInBoxSerialCode": null,
      "SideFromName": "قسم الحسابات ",
      "SideToName": "جوازات المدينة",
      "ArchiveFilesName": "الارشيف ",
      "PriorityName": null,
      "InnerOutInDate": null,
      "RelatedToSideTo": null,
      "RelatedToTopic": null,
      "RelatedToDate": null,
      "NumberType": null,
      "RelatedToName": null,
      "ProjectNumber": ""
    },
    {
      "OutInBoxId": 6,
      "Number": "333",
      "Date": "2022-11-09",
      "HijriDate": "1444-04-15",
      "TypeId": 1,
      "SideFromId": 1,
      "SideToId": 11,
      "InnerId": null,
      "Topic": "الابللبلبلب",
      "ArchiveFileId": 1,
      "RelatedToId": null,
      "Type": 1,
      "OutInType": 0,
      "FileCount": 1,
      "AttachmentUrl": "/Files/ProjectFiles//2.png",
      "ProjectId": null,
      "BranchId": 1,
      "Priority": 1,
      "CustomerName": null,
      "CustomerName_W": null,
      "OutInTypeName": "خارجي",
      "OutInBoxTypeName": "خطاب ",
      "OutInBoxSerialCode": null,
      "SideFromName": "قسم  المتابعة ",
      "SideToName": "الدريس",
      "ArchiveFilesName": "الارشيف ",
      "PriorityName": null,
      "InnerOutInDate": null,
      "RelatedToSideTo": null,
      "RelatedToTopic": null,
      "RelatedToDate": null,
      "NumberType": null,
      "RelatedToName": null,
      "ProjectNumber": ""
    },
    {
      "OutInBoxId": 7,
      "Number": "2",
      "Date": "2022-12-07",
      "HijriDate": "1444-05-13",
      "TypeId": 1,
      "SideFromId": 1,
      "SideToId": 10,
      "InnerId": null,
      "Topic": "123456",
      "ArchiveFileId": 1,
      "RelatedToId": null,
      "Type": 1,
      "OutInType": 0,
      "FileCount": 0,
      "AttachmentUrl": null,
      "ProjectId": 66,
      "BranchId": 1,
      "Priority": 1,
      "CustomerName": "ww(*)",
      "CustomerName_W": "ww",
      "OutInTypeName": "خارجي",
      "OutInBoxTypeName": "خطاب ",
      "OutInBoxSerialCode": null,
      "SideFromName": "قسم  المتابعة ",
      "SideToName": "البلديه ",
      "ArchiveFilesName": "الارشيف ",
      "PriorityName": null,
      "InnerOutInDate": null,
      "RelatedToSideTo": null,
      "RelatedToTopic": null,
      "RelatedToDate": null,
      "NumberType": null,
      "RelatedToName": null,
      "ProjectNumber": "131_124"
    }
  ]
}
