{
  "tasks": [
    {
      "taskNo": "fefwqf",
      "assignedTo": "fefwqf",
      "from": "fefwqf",
      "to": "fefwqf",
      "customer": "fefwqf",
      "implemented": "fefwqf",
      "enginner": "fefwqf",
      "excuting_officer": "fefwqf",
      "projectNo": "fefwqf",
      "status": "fefwqf"
    },
    {
      "taskNo": "fefwqf",
      "assignedTo": "fefwqf",
      "from": "fefwqf",
      "to": "fefwqf",
      "customer": "fefwqf",
      "implemented": "fefwqf",
      "enginner": "fefwqf",
      "excuting_officer": "fefwqf",
      "projectNo": "fefwqf",
      "status": "fefwqf"
    },
    {
      "taskNo": "fefwqf",
      "assignedTo": "fefwqf",
      "from": "fefwqf",
      "to": "fefwqf",
      "customer": "fefwqf",
      "implemented": "fefwqf",
      "enginner": "fefwqf",
      "excuting_officer": "fefwqf",
      "projectNo": "fefwqf",
      "status": "fefwqf"
    },
    {
      "taskNo": "fefwqf",
      "assignedTo": "fefwqf",
      "from": "fefwqf",
      "to": "fefwqf",
      "customer": "fefwqf",
      "implemented": "fefwqf",
      "enginner": "fefwqf",
      "excuting_officer": "fefwqf",
      "projectNo": "fefwqf",
      "status": "fefwqf"
    },
    {
      "taskNo": "fefwqf",
      "assignedTo": "fefwqf",
      "from": "fefwqf",
      "to": "fefwqf",
      "customer": "fefwqf",
      "implemented": "fefwqf",
      "enginner": "fefwqf",
      "excuting_officer": "fefwqf",
      "projectNo": "fefwqf",
      "status": "fefwqf"
    },
    {
      "taskNo": "fefwqf",
      "assignedTo": "fefwqf",
      "from": "fefwqf",
      "to": "fefwqf",
      "customer": "fefwqf",
      "implemented": "fefwqf",
      "enginner": "fefwqf",
      "excuting_officer": "fefwqf",
      "projectNo": "fefwqf",
      "status": "fefwqf"
    },
    {
      "taskNo": "fefwqf",
      "assignedTo": "fefwqf",
      "from": "fefwqf",
      "to": "fefwqf",
      "customer": "fefwqf",
      "implemented": "fefwqf",
      "enginner": "fefwqf",
      "excuting_officer": "fefwqf",
      "projectNo": "fefwqf",
      "status": "fefwqf"
    }
  ]
}
